video_name,hr_mean,hr_std,hr_min,hr_max,hr_median,label,corr_lr_mean,corr_lr_std,corr_lr_min,corr_lr_max,corr_lr_median,corr_lf_mean,corr_lf_std,corr_lf_min,corr_lf_max,corr_lf_median,plv_lr_mean,plv_lr_std,plv_lr_min,plv_lr_max,plv_lr_median,plv_lf_mean,plv_lf_std,plv_lf_min,plv_lf_max,plv_lf_median,std_left_mean,std_left_std,std_left_min,std_left_max,std_left_median,std_right_mean,std_right_std,std_right_min,std_right_max,std_right_median,std_forehead_mean,std_forehead_std,std_forehead_min,std_forehead_max,std_forehead_median
aagfhgtpmv.mp4,79.70744680851065,10.574387762441631,76.51914893617021,114.77872340425532,76.51914893617021,0,-0.21485158296483545,0.5313858329001834,-0.8896840295230528,0.8280008915118349,-0.3175925310453029,-0.44709600010269784,0.33963673401490374,-0.9063332709038785,0.21596761694459204,-0.4029369246617782,0.5831911156685811,0.20200513845630327,0.2984850022087394,0.9297646621288984,0.5552099309133147,0.5586958693632901,0.17754347793260206,0.2323185735885864,0.8660804104547539,0.5166220680022745,0.3133216429867624,0.16839942344847444,0.098891345447867,0.6547110253103319,0.2685801750834057,0.234075964354074,0.12981730229907998,0.07968584182681415,0.454704804813706,0.24548854565410955,0.1846489870937781,0.1452792947211691,0.04850824808829436,0.47506852071232913,0.10520188499210523
